id,noise_site_id,datetime,l90,tone_100hz,tone_200hz,rain1,rain2,is_wet,include
1,115,2025-02-26T00:00:00,43.3,3.51,3.96,0.0,0.2,False,True
2,115,2025-02-27T00:00:00,41.8,5.66,2.34,0.0,0.2,False,True
3,115,2025-02-28T00:00:00,33.2,1.14,1.41,0.0,0.0,False,True
4,115,2025-03-01T00:00:00,33.2,0.9,0.58,3.3,3.1,True,True
5,115,2025-03-02T00:00:00,32.0,3.03,0.75,0.0,0.1,False,True
6,115,2025-03-03T00:00:00,32.6,0.25,3.82,0.0,0.0,False,True
7,115,2025-03-04T00:00:00,34.3,3.75,2.65,3.9,4.2,True,True
8,115,2025-03-05T00:00:00,41.6,2.05,4.18,0.0,0.2,False,True
9,115,2025-03-06T00:00:00,37.0,3.75,5.37,0.0,0.0,False,True
10,115,2025-03-07T00:00:00,33.2,3.24,1.11,0.0,0.0,False,True
11,115,2025-03-08T00:00:00,38.3,2.17,1.44,4.4,4.6,True,True
12,115,2025-03-09T00:00:00,35.8,4.17,4.86,0.0,0.2,False,True
13,115,2025-03-10T00:00:00,30.3,4.1,4.75,1.1,1.1,True,True
14,115,2025-03-11T00:00:00,34.6,0.55,0.94,0.2,0.2,False,True
15,115,2025-03-12T00:00:00,37.7,3.2,5.63,0.0,0.3,False,True
16,115,2025-03-13T00:00:00,32.1,4.02,2.3,0.0,0.2,False,True
17,115,2025-03-14T00:00:00,38.9,2.14,5.68,3.7,3.5,True,True
18,115,2025-03-15T00:00:00,34.2,5.16,2.4,0.0,0.0,False,True
19,115,2025-03-16T00:00:00,40.7,1.72,4.43,0.0,0.0,False,True
20,115,2025-03-17T00:00:00,36.9,0.04,3.97,0.0,0.0,False,True
21,115,2025-03-18T00:00:00,36.9,5.22,5.15,0.0,0.0,False,True
22,115,2025-03-19T00:00:00,35.2,0.54,5.64,0.0,0.0,False,True
23,115,2025-03-20T00:00:00,42.7,5.68,4.83,0.0,0.2,False,True
24,115,2025-03-21T00:00:00,29.4,4.2,0.58,0.0,0.2,False,True
25,115,2025-03-22T00:00:00,35.9,5.56,2.04,1.1,1.3,True,True
26,115,2025-03-23T00:00:00,39.3,2.22,1.74,0.0,0.1,False,True
27,115,2025-03-24T00:00:00,32.1,3.98,2.11,0.0,0.0,False,True
28,115,2025-03-25T00:00:00,30.0,1.83,1.21,5.6,5.9,True,True
29,115,2025-03-26T00:00:00,28.8,0.1,2.03,0.0,0.2,False,True
30,129,2025-02-12T00:00:00,39.7,5.08,5.67,2.3,2.3,True,True
31,129,2025-02-13T00:00:00,31.8,5.92,1.24,5.9,6.2,True,True
32,129,2025-02-14T00:00:00,40.1,3.94,5.33,0.0,0.0,False,True
33,129,2025-02-15T00:00:00,29.7,4.17,2.32,0.0,0.0,False,True
34,129,2025-02-16T00:00:00,39.3,4.44,2.0,3.4,3.4,True,True
35,129,2025-02-17T00:00:00,38.9,5.29,1.59,0.0,0.0,False,True
36,129,2025-02-18T00:00:00,40.1,5.42,1.32,5.5,5.4,True,True
37,129,2025-02-19T00:00:00,35.0,4.06,0.98,3.7,3.7,True,True
38,129,2025-02-20T00:00:00,37.1,3.19,5.26,0.0,0.3,False,True
39,129,2025-02-21T00:00:00,39.9,1.65,4.69,4.9,4.7,True,True
40,129,2025-02-22T00:00:00,41.9,3.56,2.52,3.5,3.8,True,True
41,129,2025-02-23T00:00:00,42.9,0.17,2.84,2.4,2.5,True,True
42,129,2025-02-24T00:00:00,39.3,3.68,5.97,3.3,3.6,True,True
43,129,2025-02-25T00:00:00,39.2,3.6,2.84,0.0,0.2,False,True
44,129,2025-02-26T00:00:00,34.5,1.57,4.85,5.1,5.2,True,True
45,129,2025-02-27T00:00:00,36.4,5.03,3.81,0.0,0.0,False,True
46,129,2025-02-28T00:00:00,39.5,0.6,1.69,3.1,2.9,True,True
47,129,2025-03-01T00:00:00,45.4,3.75,1.81,5.9,6.1,True,True
48,129,2025-03-02T00:00:00,30.5,5.86,2.02,2.2,2.5,True,True
49,129,2025-03-03T00:00:00,32.5,4.63,2.5,0.0,0.1,False,True
50,129,2025-03-04T00:00:00,45.3,0.78,2.02,0.0,0.0,False,True
51,129,2025-03-05T00:00:00,31.6,3.7,3.51,2.5,2.5,True,True
52,129,2025-03-06T00:00:00,45.2,5.0,5.84,0.0,0.2,False,True
53,129,2025-03-07T00:00:00,44.9,3.45,2.6,0.0,0.1,False,True
54,129,2025-03-08T00:00:00,33.8,0.24,2.31,0.0,0.0,False,True
55,129,2025-03-09T00:00:00,41.3,2.12,1.91,0.0,0.1,False,True
56,129,2025-03-10T00:00:00,38.7,4.62,2.34,0.0,0.2,False,True
57,129,2025-03-11T00:00:00,37.8,1.51,3.9,0.0,0.0,False,True
58,129,2025-03-12T00:00:00,38.9,0.3,0.96,0.0,0.0,False,True
59,129,2025-03-13T00:00:00,45.7,1.12,5.73,0.0,0.0,False,True
60,129,2025-03-14T00:00:00,39.5,5.06,4.84,0.0,0.0,False,True
61,129,2025-03-15T00:00:00,35.8,5.38,3.47,0.0,0.0,False,True
62,129,2025-03-16T00:00:00,39.3,2.74,2.81,0.0,0.0,False,True
63,129,2025-03-17T00:00:00,31.4,3.89,0.68,0.0,0.3,False,True
64,129,2025-03-18T00:00:00,45.3,5.72,1.15,0.0,0.0,False,True
65,129,2025-03-19T00:00:00,45.0,5.07,5.76,5.6,5.6,True,True
66,129,2025-03-20T00:00:00,41.4,4.27,3.95,3.0,2.9,True,True
67,129,2025-03-21T00:00:00,36.9,1.65,4.63,0.0,0.2,False,True
68,129,2025-03-22T00:00:00,29.6,0.97,1.59,3.6,3.5,True,True
69,129,2025-03-23T00:00:00,39.0,0.19,0.65,0.7,0.8,True,True
70,129,2025-03-24T00:00:00,45.3,0.76,0.41,0.0,0.0,False,True
71,129,2025-03-25T00:00:00,32.9,0.14,4.08,0.0,0.0,False,True
72,129,2025-03-26T00:00:00,32.3,2.7,5.49,0.0,0.0,False,True
73,129,2025-03-27T00:00:00,38.8,3.23,2.98,0.0,0.3,False,True
74,129,2025-03-28T00:00:00,44.2,0.35,5.12,0.0,0.0,False,True
75,129,2025-03-29T00:00:00,29.6,5.77,3.51,0.0,0.1,False,True
76,129,2025-03-30T00:00:00,30.4,4.28,4.42,2.5,2.2,True,True
77,129,2025-03-31T00:00:00,38.5,3.66,0.72,1.3,1.3,True,True
78,129,2025-04-01T00:00:00,33.7,4.96,4.48,2.0,2.0,True,True
79,129,2025-04-02T00:00:00,30.7,1.11,2.26,0.0,0.0,False,True
80,129,2025-04-03T00:00:00,31.0,1.1,4.76,0.0,0.0,False,True
81,129,2025-04-04T00:00:00,44.3,4.64,5.98,4.8,5.1,True,True
82,129,2025-04-05T00:00:00,32.9,2.37,3.38,0.0,0.2,False,True
83,129,2025-04-06T00:00:00,40.2,4.29,1.95,0.0,0.2,False,True
84,129,2025-04-07T00:00:00,33.4,2.39,2.03,0.0,0.0,False,True
85,129,2025-04-08T00:00:00,42.7,2.3,0.53,0.0,0.0,False,True
86,129,2025-04-09T00:00:00,45.1,0.03,2.07,0.5,0.6,False,True
87,129,2025-04-10T00:00:00,35.7,4.81,0.89,0.0,0.2,False,True
88,129,2025-04-11T00:00:00,30.6,2.05,5.78,0.0,0.1,False,True
89,129,2025-04-12T00:00:00,44.0,5.59,3.53,0.0,0.0,False,True
90,129,2025-04-13T00:00:00,35.9,2.75,2.25,0.6,0.7,True,True
91,137,2025-02-26T00:00:00,38.3,4.54,5.6,2.2,2.0,True,True
92,137,2025-02-27T00:00:00,42.6,3.58,1.68,0.0,0.0,False,True
93,137,2025-02-28T00:00:00,29.8,4.06,5.32,3.8,3.5,True,True
94,137,2025-03-01T00:00:00,42.6,5.21,1.84,2.1,1.9,True,True
95,137,2025-03-02T00:00:00,39.3,4.02,5.56,0.0,0.0,False,True
96,137,2025-03-03T00:00:00,44.6,2.15,3.56,3.1,3.1,True,True
97,137,2025-03-04T00:00:00,30.3,0.98,0.44,0.0,0.1,False,True
98,137,2025-03-05T00:00:00,45.4,5.1,1.07,0.0,0.3,False,True
99,137,2025-03-06T00:00:00,32.5,3.02,2.17,0.0,0.0,False,True
100,137,2025-03-07T00:00:00,37.4,1.03,4.06,0.0,0.0,False,True
101,137,2025-03-08T00:00:00,45.2,4.31,2.34,3.1,2.8,True,True
102,137,2025-03-09T00:00:00,34.6,3.89,1.8,0.0,0.0,False,True
103,137,2025-03-10T00:00:00,32.4,2.03,3.94,3.4,3.6,True,True
104,137,2025-03-11T00:00:00,30.1,5.63,0.31,2.7,2.9,True,True
105,137,2025-03-12T00:00:00,39.9,3.37,1.78,0.0,0.0,False,True
106,137,2025-03-13T00:00:00,41.4,4.62,1.3,2.4,2.6,True,True
107,137,2025-03-14T00:00:00,34.5,4.63,0.97,0.0,0.0,False,True
108,137,2025-03-15T00:00:00,37.5,0.38,3.1,0.0,0.1,False,True
109,137,2025-03-16T00:00:00,39.9,0.94,0.9,0.0,0.0,False,True
110,137,2025-03-17T00:00:00,31.7,1.97,2.53,2.5,2.4,True,True
111,137,2025-03-18T00:00:00,41.0,0.99,2.2,4.4,4.3,True,True
112,137,2025-03-19T00:00:00,38.6,3.64,3.86,0.0,0.0,False,True
113,137,2025-03-20T00:00:00,40.0,0.21,1.24,0.0,0.1,False,True
114,137,2025-03-21T00:00:00,37.9,0.48,0.27,0.0,0.2,False,True
115,137,2025-03-22T00:00:00,39.3,2.14,1.02,0.0,0.0,False,True
116,137,2025-03-23T00:00:00,41.1,5.02,3.65,2.4,2.5,True,True
117,137,2025-03-24T00:00:00,33.4,2.89,5.93,0.0,0.1,False,True
118,137,2025-03-25T00:00:00,32.9,1.2,3.85,0.0,0.1,False,True
119,137,2025-03-26T00:00:00,36.1,5.91,1.55,1.0,0.9,True,True
120,137,2025-03-27T00:00:00,39.1,3.07,5.73,5.9,5.9,True,True
121,137,2025-03-28T00:00:00,40.6,4.94,0.78,0.0,0.2,False,True
122,137,2025-03-29T00:00:00,42.5,1.44,3.67,0.0,0.0,False,True
123,137,2025-03-30T00:00:00,38.0,4.64,1.32,0.0,0.0,False,True
124,137,2025-03-31T00:00:00,43.5,3.9,5.63,2.3,2.0,True,True
125,137,2025-04-01T00:00:00,38.4,3.77,4.95,0.0,0.3,False,True
126,137,2025-04-02T00:00:00,37.2,2.91,2.74,0.0,0.1,False,True
127,137,2025-04-03T00:00:00,33.1,2.37,1.58,0.0,0.1,False,True
128,137,2025-04-04T00:00:00,34.0,0.28,5.77,4.8,4.9,True,True
129,137,2025-04-05T00:00:00,31.9,4.3,5.68,0.0,0.0,False,True
130,137,2025-04-06T00:00:00,40.7,3.65,5.1,0.0,0.0,False,True
131,137,2025-04-07T00:00:00,42.4,3.81,3.81,1.0,1.1,True,True
132,137,2025-04-08T00:00:00,36.0,1.64,0.55,1.1,1.3,True,True
133,137,2025-04-09T00:00:00,36.2,3.18,0.59,3.6,3.6,True,True
134,137,2025-04-10T00:00:00,33.3,1.84,5.78,0.0,0.0,False,True
135,137,2025-04-11T00:00:00,37.9,4.61,3.48,0.0,0.1,False,True
136,137,2025-04-12T00:00:00,40.3,0.72,1.7,0.0,0.2,False,True
137,137,2025-04-13T00:00:00,43.0,0.25,3.31,0.0,0.0,False,True
138,137,2025-04-14T00:00:00,38.7,5.85,4.65,0.0,0.2,False,True
139,137,2025-04-15T00:00:00,38.2,3.17,5.22,0.0,0.0,False,True
140,137,2025-04-16T00:00:00,44.3,3.55,5.4,0.0,0.2,False,True
141,137,2025-04-17T00:00:00,42.2,0.38,4.65,5.4,5.7,True,True
142,137,2025-04-18T00:00:00,44.1,0.24,2.25,0.0,0.1,False,True
143,142,2025-01-24T00:00:00,34.6,4.04,1.41,5.5,5.7,True,True
144,142,2025-01-25T00:00:00,41.1,3.99,3.37,0.0,0.0,False,True
145,142,2025-01-26T00:00:00,44.3,0.34,4.5,0.0,0.0,False,True
146,142,2025-01-27T00:00:00,32.7,3.35,3.63,0.0,0.0,False,True
147,142,2025-01-28T00:00:00,32.9,0.6,3.17,0.0,0.2,False,True
148,142,2025-01-29T00:00:00,32.2,1.64,0.73,0.0,0.0,False,True
149,142,2025-01-30T00:00:00,34.7,0.67,0.43,0.0,0.2,False,True
150,142,2025-01-31T00:00:00,44.7,4.72,2.0,0.0,0.0,False,True
151,142,2025-02-01T00:00:00,31.4,4.55,1.41,0.0,0.2,False,True
152,142,2025-02-02T00:00:00,37.8,5.42,0.96,5.3,5.5,True,True
153,142,2025-02-03T00:00:00,30.6,5.46,1.65,0.0,0.0,False,True
154,142,2025-02-04T00:00:00,32.0,0.8,3.56,0.0,0.3,False,True
155,142,2025-02-05T00:00:00,29.8,2.2,5.47,0.0,0.0,False,True
156,142,2025-02-06T00:00:00,29.4,4.63,3.06,0.2,0.0,False,True
157,142,2025-02-07T00:00:00,44.1,1.25,2.37,0.0,0.0,False,True
158,142,2025-02-08T00:00:00,31.3,5.63,2.82,0.0,0.0,False,True
159,142,2025-02-09T00:00:00,43.1,1.58,4.98,0.6,0.7,True,True
160,142,2025-02-10T00:00:00,35.1,0.13,1.65,2.4,2.3,True,True
161,142,2025-02-11T00:00:00,45.5,3.53,1.24,1.5,1.6,True,True
162,142,2025-02-12T00:00:00,32.3,2.0,3.55,0.0,0.0,False,True
163,142,2025-02-13T00:00:00,44.2,4.39,5.34,0.0,0.2,False,True
164,142,2025-02-14T00:00:00,41.9,0.78,1.65,0.0,0.0,False,True
165,142,2025-02-15T00:00:00,29.1,0.33,2.67,0.0,0.0,False,True
166,142,2025-02-16T00:00:00,38.2,5.48,5.28,0.0,0.0,False,True
167,142,2025-02-17T00:00:00,40.4,0.17,5.86,2.4,2.4,True,True
168,142,2025-02-18T00:00:00,45.5,1.79,3.42,0.0,0.2,False,True
169,142,2025-02-19T00:00:00,34.9,0.06,3.94,0.0,0.0,False,True
170,144,2025-02-13T00:00:00,45.6,1.13,5.91,3.4,3.4,True,True
171,144,2025-02-14T00:00:00,31.4,1.57,5.41,1.1,1.3,True,True
172,144,2025-02-15T00:00:00,28.1,5.39,3.57,0.0,0.0,False,True
173,144,2025-02-16T00:00:00,33.0,5.88,3.23,0.7,0.5,True,True
174,144,2025-02-17T00:00:00,38.2,5.35,2.33,5.7,5.5,True,True
175,144,2025-02-18T00:00:00,39.6,2.55,5.21,0.0,0.1,False,True
176,144,2025-02-19T00:00:00,31.6,4.73,1.82,0.0,0.0,False,True
177,144,2025-02-20T00:00:00,29.2,5.76,1.82,0.0,0.0,False,True
178,144,2025-02-21T00:00:00,28.1,0.38,3.02,0.9,0.7,True,True
179,144,2025-02-22T00:00:00,39.2,3.16,2.63,5.1,4.9,True,True
180,144,2025-02-23T00:00:00,43.8,3.0,2.88,4.2,4.4,True,True
181,144,2025-02-24T00:00:00,37.2,3.51,0.96,2.1,2.3,True,True
182,144,2025-02-25T00:00:00,41.5,5.9,5.62,0.0,0.3,False,True
183,144,2025-02-26T00:00:00,40.2,4.49,4.97,4.9,4.7,True,True
184,144,2025-02-27T00:00:00,32.8,5.62,1.79,0.6,0.8,True,True
185,144,2025-02-28T00:00:00,44.9,3.3,3.32,0.0,0.2,False,True
186,144,2025-03-01T00:00:00,31.9,4.3,4.5,0.0,0.0,False,True
187,144,2025-03-02T00:00:00,42.7,2.03,5.5,0.0,0.1,False,True
188,144,2025-03-03T00:00:00,30.2,2.93,5.91,0.0,0.0,False,True
189,144,2025-03-04T00:00:00,31.9,4.41,5.41,4.1,4.4,True,True
190,145,2025-01-16T00:00:00,35.4,2.45,1.26,0.0,0.1,False,True
191,145,2025-01-17T00:00:00,32.9,2.93,5.46,0.0,0.1,False,True
192,145,2025-01-18T00:00:00,30.1,4.22,3.08,0.0,0.0,False,True
193,145,2025-01-19T00:00:00,37.9,5.96,2.1,0.0,0.0,False,True
194,145,2025-01-20T00:00:00,31.0,1.92,4.62,3.2,3.1,True,True
195,145,2025-01-21T00:00:00,31.6,0.28,3.98,0.0,0.2,False,True
196,145,2025-01-22T00:00:00,29.2,2.7,2.71,2.3,2.2,True,True
197,145,2025-01-23T00:00:00,36.7,0.35,5.37,0.8,0.7,True,True
198,145,2025-01-24T00:00:00,45.2,2.77,0.26,0.0,0.2,False,True
199,145,2025-01-25T00:00:00,39.8,4.24,5.41,0.0,0.2,False,True
200,145,2025-01-26T00:00:00,40.6,0.98,0.68,0.0,0.0,False,True
201,145,2025-01-27T00:00:00,29.0,1.9,2.72,1.2,1.4,True,True
202,145,2025-01-28T00:00:00,37.6,5.4,3.46,0.0,0.3,False,True
203,145,2025-01-29T00:00:00,35.1,0.02,1.5,0.0,0.1,False,True
204,145,2025-01-30T00:00:00,41.1,1.76,2.71,0.0,0.0,False,True
205,145,2025-01-31T00:00:00,33.9,1.72,2.41,1.8,1.9,True,True
206,145,2025-02-01T00:00:00,44.0,2.45,3.96,0.2,0.0,False,True
207,145,2025-02-02T00:00:00,41.5,4.14,3.66,0.7,0.7,True,True
208,145,2025-02-03T00:00:00,30.7,1.02,5.33,0.0,0.0,False,True
209,145,2025-02-04T00:00:00,35.0,0.58,1.83,0.0,0.0,False,True
210,145,2025-02-05T00:00:00,39.3,1.55,1.13,0.0,0.1,False,True
211,145,2025-02-06T00:00:00,43.8,5.61,3.72,5.1,5.3,True,True
212,145,2025-02-07T00:00:00,33.2,5.82,4.93,0.0,0.0,False,True
213,145,2025-02-08T00:00:00,43.4,2.24,4.22,0.0,0.0,False,True
214,145,2025-02-09T00:00:00,38.1,1.76,2.3,0.0,0.0,False,True
215,145,2025-02-10T00:00:00,29.7,3.16,3.38,0.0,0.3,False,True
216,145,2025-02-11T00:00:00,33.9,5.22,0.38,2.2,2.0,True,True
217,145,2025-02-12T00:00:00,32.2,3.45,5.55,2.1,1.9,True,True
218,145,2025-02-13T00:00:00,37.3,4.96,4.8,0.9,0.8,True,True
219,145,2025-02-14T00:00:00,30.1,3.07,0.09,0.0,0.0,False,True
220,145,2025-02-15T00:00:00,32.5,0.59,4.94,0.0,0.0,False,True
221,145,2025-02-16T00:00:00,29.3,2.33,2.18,0.0,0.0,False,True
222,145,2025-02-17T00:00:00,32.8,4.92,4.32,0.0,0.2,False,True
223,145,2025-02-18T00:00:00,32.6,1.34,5.27,1.8,1.7,True,True
224,145,2025-02-19T00:00:00,37.5,3.62,3.58,0.0,0.0,False,True
225,145,2025-02-20T00:00:00,41.9,3.18,0.21,0.0,0.2,False,True
226,145,2025-02-21T00:00:00,36.8,2.15,4.05,0.5,0.8,False,True
227,145,2025-02-22T00:00:00,32.8,1.78,1.97,0.0,0.0,False,True
228,145,2025-02-23T00:00:00,28.7,0.59,1.57,2.1,1.8,True,True
229,145,2025-02-24T00:00:00,29.3,3.49,4.51,0.0,0.1,False,True
230,145,2025-02-25T00:00:00,33.2,4.91,5.31,3.0,2.9,True,True
231,145,2025-02-26T00:00:00,45.8,3.33,0.23,0.0,0.2,False,True
232,145,2025-02-27T00:00:00,30.2,3.73,5.19,4.6,4.9,True,True
233,145,2025-02-28T00:00:00,28.9,2.28,5.61,0.0,0.3,False,True
234,145,2025-03-01T00:00:00,36.6,1.65,3.03,0.0,0.0,False,True
235,145,2025-03-02T00:00:00,29.3,3.25,2.16,0.0,0.2,False,True
236,145,2025-03-03T00:00:00,45.9,0.24,5.14,1.2,1.4,True,True
237,145,2025-03-04T00:00:00,32.7,2.49,5.1,0.0,0.1,False,True
238,145,2025-03-05T00:00:00,40.3,0.38,4.56,0.7,0.9,True,True
239,145,2025-03-06T00:00:00,40.5,2.35,5.15,5.7,5.6,True,True
240,145,2025-03-07T00:00:00,34.6,4.85,2.12,0.0,0.0,False,True
241,145,2025-03-08T00:00:00,43.9,0.77,5.86,0.0,0.0,False,True
242,145,2025-03-09T00:00:00,45.0,1.0,0.66,0.0,0.0,False,True
243,145,2025-03-10T00:00:00,45.7,0.72,1.64,0.0,0.0,False,True
244,145,2025-03-11T00:00:00,31.7,3.85,1.1,0.0,0.1,False,True
245,145,2025-03-12T00:00:00,43.2,4.31,2.28,3.3,3.2,True,True
246,145,2025-03-13T00:00:00,40.0,4.31,2.17,0.6,0.4,True,True
247,145,2025-03-14T00:00:00,28.6,0.4,4.07,0.0,0.0,False,True
248,145,2025-03-15T00:00:00,43.6,5.61,1.32,1.6,1.6,True,True
249,145,2025-03-16T00:00:00,32.9,1.53,1.53,0.0,0.0,False,True
250,145,2025-03-17T00:00:00,44.8,5.67,5.98,0.0,0.1,False,True
251,145,2025-03-18T00:00:00,28.6,2.44,2.77,0.0,0.0,False,True
252,145,2025-03-19T00:00:00,30.6,3.16,2.42,0.0,0.0,False,True
253,145,2025-03-20T00:00:00,45.0,5.23,5.19,0.0,0.0,False,True
254,145,2025-03-21T00:00:00,40.3,1.15,1.84,5.0,5.1,True,True
255,146,2025-01-11T00:00:00,35.3,3.06,2.09,2.2,2.4,True,True
256,146,2025-01-12T00:00:00,39.2,0.61,4.98,4.1,4.3,True,True
257,146,2025-01-13T00:00:00,32.8,5.82,0.06,0.0,0.1,False,True
258,146,2025-01-14T00:00:00,45.8,1.17,0.89,0.0,0.0,False,True
259,146,2025-01-15T00:00:00,41.3,1.87,0.51,0.0,0.0,False,True
260,146,2025-01-16T00:00:00,33.6,5.99,1.96,5.2,5.3,True,True
261,146,2025-01-17T00:00:00,37.3,1.04,3.81,5.6,5.7,True,True
262,146,2025-01-18T00:00:00,35.0,4.12,0.39,0.0,0.0,False,True
263,146,2025-01-19T00:00:00,39.5,5.76,4.34,0.0,0.0,False,True
264,146,2025-01-20T00:00:00,32.4,0.61,0.24,4.2,4.3,True,True
265,146,2025-01-21T00:00:00,31.6,5.39,4.13,0.0,0.0,False,True
266,146,2025-01-22T00:00:00,28.7,4.99,0.55,0.0,0.3,False,True
267,146,2025-01-23T00:00:00,34.3,2.63,0.62,6.0,6.0,True,True
268,146,2025-01-24T00:00:00,31.1,2.93,1.42,0.0,0.2,False,True
269,146,2025-01-25T00:00:00,31.6,0.84,2.32,0.0,0.1,False,True
270,146,2025-01-26T00:00:00,44.1,5.72,4.5,0.0,0.1,False,True
271,146,2025-01-27T00:00:00,31.0,1.95,3.73,0.0,0.0,False,True
272,146,2025-01-28T00:00:00,39.8,2.72,0.33,3.8,4.1,True,True
273,146,2025-01-29T00:00:00,32.0,2.04,1.35,0.0,0.0,False,True
274,146,2025-01-30T00:00:00,43.4,0.86,0.77,0.0,0.0,False,True
275,146,2025-01-31T00:00:00,45.3,2.64,4.37,4.6,4.6,True,True
276,146,2025-02-01T00:00:00,36.2,2.98,1.16,0.0,0.0,False,True
277,146,2025-02-02T00:00:00,31.1,5.24,1.26,0.0,0.0,False,True
278,146,2025-02-03T00:00:00,45.8,2.17,1.49,0.0,0.0,False,True
279,146,2025-02-04T00:00:00,37.6,1.38,1.23,5.1,5.0,True,True
280,146,2025-02-05T00:00:00,37.7,2.83,3.37,0.0,0.1,False,True
281,146,2025-02-06T00:00:00,37.0,3.06,0.39,0.0,0.0,False,True
282,146,2025-02-07T00:00:00,35.1,3.63,0.67,0.0,0.2,False,True
283,146,2025-02-08T00:00:00,38.0,5.55,4.16,0.0,0.2,False,True
284,146,2025-02-09T00:00:00,35.8,3.31,4.01,3.3,3.4,True,True
285,146,2025-02-10T00:00:00,37.4,0.75,2.42,6.0,6.3,True,True
286,146,2025-02-11T00:00:00,41.7,5.76,1.49,0.0,0.0,False,True
287,146,2025-02-12T00:00:00,32.3,2.57,3.65,1.2,1.2,True,True
288,146,2025-02-13T00:00:00,28.1,4.94,1.06,5.6,5.5,True,True
289,146,2025-02-14T00:00:00,41.4,0.05,1.03,0.0,0.0,False,True
290,146,2025-02-15T00:00:00,43.4,0.86,4.35,0.0,0.0,False,True
291,146,2025-02-16T00:00:00,29.6,4.76,0.42,0.0,0.0,False,True
292,146,2025-02-17T00:00:00,41.9,4.71,0.98,0.0,0.0,False,True
293,146,2025-02-18T00:00:00,39.4,4.36,3.61,0.0,0.0,False,True
294,146,2025-02-19T00:00:00,40.6,0.4,5.83,0.0,0.1,False,True
295,146,2025-02-20T00:00:00,28.1,5.28,3.36,0.0,0.2,False,True
296,146,2025-02-21T00:00:00,43.9,4.75,5.43,5.5,5.6,True,True
297,146,2025-02-22T00:00:00,44.1,1.52,4.45,3.3,3.4,True,True
298,146,2025-02-23T00:00:00,44.9,1.33,1.65,1.6,1.4,True,True
299,146,2025-02-24T00:00:00,41.3,4.04,0.76,0.0,0.0,False,True
300,146,2025-02-25T00:00:00,36.1,1.04,3.31,4.6,4.5,True,True
301,146,2025-02-26T00:00:00,31.8,5.28,5.76,3.4,3.3,True,True
302,146,2025-02-27T00:00:00,34.5,1.12,5.86,0.6,0.6,True,True
303,146,2025-02-28T00:00:00,41.6,1.53,3.2,0.0,0.3,False,True
304,146,2025-03-01T00:00:00,42.6,1.53,4.78,0.0,0.1,False,True
305,146,2025-03-02T00:00:00,45.1,1.06,2.85,0.0,0.0,False,True
306,146,2025-03-03T00:00:00,44.8,1.91,0.48,0.0,0.0,False,True
307,146,2025-03-04T00:00:00,31.2,3.94,2.67,0.0,0.1,False,True
308,146,2025-03-05T00:00:00,40.8,3.74,4.24,0.0,0.3,False,True
309,146,2025-03-06T00:00:00,36.8,1.86,1.21,0.0,0.0,False,True
310,146,2025-03-07T00:00:00,28.3,5.64,5.43,0.6,0.5,True,True
311,146,2025-03-08T00:00:00,28.3,3.32,2.16,2.2,2.4,True,True
312,146,2025-03-09T00:00:00,45.9,3.0,5.27,0.0,0.1,False,True
313,146,2025-03-10T00:00:00,33.0,3.39,0.75,0.0,0.0,False,True
314,146,2025-03-11T00:00:00,32.4,5.39,0.77,0.0,0.0,False,True
315,146,2025-03-12T00:00:00,43.6,4.36,5.62,0.0,0.2,False,True
316,146,2025-03-13T00:00:00,32.4,4.6,4.36,0.0,0.3,False,True
317,147,2025-03-01T00:00:00,44.4,0.52,1.29,5.6,5.6,True,True
318,147,2025-03-02T00:00:00,33.5,3.02,1.24,0.0,0.3,False,True
319,147,2025-03-03T00:00:00,36.3,3.56,5.73,1.8,1.9,True,True
320,147,2025-03-04T00:00:00,35.6,1.98,2.6,3.7,3.6,True,True
321,147,2025-03-05T00:00:00,43.3,4.42,5.98,0.3,0.6,False,True
322,147,2025-03-06T00:00:00,39.1,5.84,3.04,2.3,2.3,True,True
323,147,2025-03-07T00:00:00,32.9,2.29,3.82,0.0,0.1,False,True
324,147,2025-03-08T00:00:00,42.0,4.25,3.14,5.1,5.1,True,True
325,147,2025-03-09T00:00:00,38.2,5.65,4.38,0.0,0.0,False,True
326,147,2025-03-10T00:00:00,40.2,3.65,0.95,0.0,0.0,False,True
327,147,2025-03-11T00:00:00,35.3,0.99,1.71,0.0,0.0,False,True
328,147,2025-03-12T00:00:00,39.1,3.51,1.46,5.3,5.5,True,True
329,147,2025-03-13T00:00:00,37.5,2.99,2.63,2.1,1.9,True,True
330,147,2025-03-14T00:00:00,34.8,5.26,0.75,6.0,6.1,True,True
331,147,2025-03-15T00:00:00,44.3,1.06,4.32,0.0,0.2,False,True
332,147,2025-03-16T00:00:00,29.1,2.8,1.05,5.1,5.2,True,True
333,147,2025-03-17T00:00:00,38.9,0.43,1.69,4.4,4.5,True,True
334,147,2025-03-18T00:00:00,45.8,2.24,3.59,0.2,0.3,False,True
335,147,2025-03-19T00:00:00,36.1,0.98,1.25,0.6,0.8,True,True
336,147,2025-03-20T00:00:00,34.1,2.14,1.06,0.0,0.2,False,True
337,147,2025-03-21T00:00:00,45.8,1.38,5.95,3.3,3.4,True,True
338,147,2025-03-22T00:00:00,42.4,2.3,4.6,5.1,5.1,True,True
339,147,2025-03-23T00:00:00,44.6,3.63,5.61,0.0,0.0,False,True
340,147,2025-03-24T00:00:00,33.2,4.65,2.5,6.0,5.9,True,True
341,147,2025-03-25T00:00:00,44.6,0.16,4.12,3.3,3.2,True,True
342,147,2025-03-26T00:00:00,39.8,4.36,5.45,0.0,0.0,False,True
343,147,2025-03-27T00:00:00,30.1,5.75,4.23,0.0,0.0,False,True
344,147,2025-03-28T00:00:00,36.2,0.18,5.65,5.1,4.8,True,True
345,147,2025-03-29T00:00:00,31.8,4.12,3.91,5.1,5.0,True,True
346,147,2025-03-30T00:00:00,29.6,2.54,3.21,0.0,0.0,False,True
347,147,2025-03-31T00:00:00,40.3,3.4,1.37,0.0,0.0,False,True
348,147,2025-04-01T00:00:00,45.4,5.13,3.79,0.0,0.2,False,True
349,147,2025-04-02T00:00:00,39.9,2.69,3.96,0.0,0.0,False,True
350,147,2025-04-03T00:00:00,28.1,3.38,3.8,0.0,0.2,False,True
351,147,2025-04-04T00:00:00,35.1,3.12,1.44,0.0,0.0,False,True
352,147,2025-04-05T00:00:00,45.8,5.59,3.57,0.0,0.0,False,True
353,147,2025-04-06T00:00:00,43.4,5.41,2.66,0.0,0.2,False,True
354,147,2025-04-07T00:00:00,33.4,3.45,5.64,0.0,0.3,False,True
355,147,2025-04-08T00:00:00,37.3,0.61,2.26,0.0,0.0,False,True
356,147,2025-04-09T00:00:00,39.8,2.33,1.72,0.0,0.0,False,True
357,147,2025-04-10T00:00:00,38.1,5.69,5.77,1.0,1.2,True,True
358,147,2025-04-11T00:00:00,40.2,1.42,5.31,0.6,0.8,True,True
359,147,2025-04-12T00:00:00,36.3,1.49,2.22,0.0,0.0,False,True
360,147,2025-04-13T00:00:00,32.7,1.47,3.78,0.0,0.2,False,True
361,147,2025-04-14T00:00:00,43.4,2.25,3.52,0.0,0.0,False,True
362,147,2025-04-15T00:00:00,34.5,2.44,2.03,0.0,0.0,False,True
363,147,2025-04-16T00:00:00,34.3,5.63,3.17,5.8,5.6,True,True
364,147,2025-04-17T00:00:00,28.1,2.67,2.22,0.0,0.3,False,True
365,147,2025-04-18T00:00:00,41.7,3.48,0.18,0.0,0.0,False,True
366,147,2025-04-19T00:00:00,39.3,1.45,4.53,0.6,0.4,True,True
367,147,2025-04-20T00:00:00,41.9,4.88,2.26,0.0,0.0,False,True
368,147,2025-04-21T00:00:00,44.7,2.33,1.41,0.0,0.0,False,True
369,147,2025-04-22T00:00:00,31.7,2.5,2.16,4.0,4.2,True,True
370,147,2025-04-23T00:00:00,28.2,5.24,4.95,0.0,0.0,False,True
371,147,2025-04-24T00:00:00,29.3,1.67,4.22,0.0,0.0,False,True
372,147,2025-04-25T00:00:00,35.2,3.08,5.02,1.9,1.6,True,True
373,147,2025-04-26T00:00:00,34.4,3.18,1.54,3.9,3.7,True,True
374,147,2025-04-27T00:00:00,38.9,4.84,0.19,0.0,0.2,False,True
375,147,2025-04-28T00:00:00,44.1,4.25,3.19,0.2,0.2,False,True
376,148,2025-01-21T00:00:00,34.7,3.52,4.21,0.0,0.2,False,True
377,148,2025-01-22T00:00:00,44.4,0.53,2.65,0.0,0.3,False,True
378,148,2025-01-23T00:00:00,45.6,4.57,3.61,0.0,0.1,False,True
379,148,2025-01-24T00:00:00,31.1,3.15,2.39,4.9,4.8,True,True
380,148,2025-01-25T00:00:00,29.4,0.11,5.92,5.7,5.6,True,True
381,148,2025-01-26T00:00:00,40.0,5.89,0.96,0.0,0.2,False,True
382,148,2025-01-27T00:00:00,34.2,4.09,1.36,0.0,0.0,False,True
383,148,2025-01-28T00:00:00,44.7,1.21,2.81,0.0,0.2,False,True
384,148,2025-01-29T00:00:00,36.3,2.25,3.97,1.2,0.9,True,True
385,148,2025-01-30T00:00:00,43.7,5.17,5.72,0.0,0.3,False,True
386,148,2025-01-31T00:00:00,31.4,2.23,4.11,0.0,0.1,False,True
387,148,2025-02-01T00:00:00,29.0,3.18,5.66,0.0,0.2,False,True
388,148,2025-02-02T00:00:00,37.3,2.32,3.7,0.0,0.0,False,True
389,148,2025-02-03T00:00:00,33.3,0.98,2.06,0.0,0.0,False,True
390,148,2025-02-04T00:00:00,41.2,5.1,4.4,5.6,5.8,True,True
391,148,2025-02-05T00:00:00,37.0,3.47,2.88,0.0,0.0,False,True
392,148,2025-02-06T00:00:00,36.5,4.6,2.65,0.0,0.0,False,True
393,148,2025-02-07T00:00:00,41.1,1.09,2.57,0.0,0.1,False,True
394,148,2025-02-08T00:00:00,29.6,5.63,4.17,0.0,0.0,False,True
395,148,2025-02-09T00:00:00,41.5,5.6,4.09,0.0,0.0,False,True
396,148,2025-02-10T00:00:00,42.5,2.49,0.52,0.0,0.3,False,True
397,148,2025-02-11T00:00:00,28.1,1.09,1.7,0.0,0.1,False,True
398,148,2025-02-12T00:00:00,33.5,2.35,3.5,5.2,5.1,True,True
399,148,2025-02-13T00:00:00,39.6,5.73,3.1,2.9,2.8,True,True
400,148,2025-02-14T00:00:00,39.5,4.5,0.32,0.0,0.0,False,True
401,148,2025-02-15T00:00:00,31.6,2.87,2.65,1.2,1.3,True,True
402,148,2025-02-16T00:00:00,30.6,2.2,5.1,1.0,1.1,True,True
403,148,2025-02-17T00:00:00,37.7,2.74,5.62,0.0,0.0,False,True
404,154,2025-01-10T00:00:00,33.3,1.29,5.35,0.0,0.1,False,True
405,154,2025-01-11T00:00:00,33.0,5.05,0.09,0.0,0.0,False,True
406,154,2025-01-12T00:00:00,39.8,3.35,3.51,0.0,0.2,False,True
407,154,2025-01-13T00:00:00,31.6,1.07,4.96,3.4,3.4,True,True
408,154,2025-01-14T00:00:00,34.6,3.07,1.63,4.2,4.5,True,True
409,154,2025-01-15T00:00:00,36.8,1.91,3.83,0.0,0.0,False,True
410,154,2025-01-16T00:00:00,32.9,2.41,5.27,0.0,0.2,False,True
411,154,2025-01-17T00:00:00,35.2,0.68,0.3,0.0,0.0,False,True
412,154,2025-01-18T00:00:00,45.6,1.39,2.69,0.0,0.2,False,True
413,154,2025-01-19T00:00:00,32.7,0.87,3.52,0.0,0.1,False,True
414,154,2025-01-20T00:00:00,41.9,3.65,1.16,0.0,0.0,False,True
415,154,2025-01-21T00:00:00,36.9,4.17,2.05,1.5,1.7,True,True
416,154,2025-01-22T00:00:00,36.8,0.02,3.09,0.0,0.1,False,True
417,154,2025-01-23T00:00:00,29.5,2.84,1.59,0.0,0.0,False,True
418,154,2025-01-24T00:00:00,31.5,3.67,5.91,5.8,5.6,True,True
419,154,2025-01-25T00:00:00,35.2,5.07,5.91,0.0,0.0,False,True
420,154,2025-01-26T00:00:00,39.0,3.33,4.62,0.2,0.4,False,True
421,154,2025-01-27T00:00:00,31.5,4.36,3.41,5.1,4.9,True,True
422,154,2025-01-28T00:00:00,38.7,2.11,1.48,0.0,0.0,False,True
423,154,2025-01-29T00:00:00,34.4,4.71,3.84,0.0,0.3,False,True
424,154,2025-01-30T00:00:00,32.6,5.93,5.44,0.9,1.1,True,True
425,154,2025-01-31T00:00:00,38.4,1.23,0.86,0.0,0.0,False,True
426,154,2025-02-01T00:00:00,34.9,3.56,1.27,2.6,2.9,True,True
427,154,2025-02-02T00:00:00,36.9,1.31,3.44,0.0,0.0,False,True
428,154,2025-02-03T00:00:00,34.4,5.78,3.03,0.2,0.5,False,True
429,154,2025-02-04T00:00:00,41.7,4.82,2.26,0.0,0.3,False,True
430,154,2025-02-05T00:00:00,42.1,1.62,4.27,0.0,0.0,False,True
431,154,2025-02-06T00:00:00,28.6,4.84,5.04,5.2,5.3,True,True
432,154,2025-02-07T00:00:00,36.2,5.03,4.28,0.0,0.2,False,True
433,154,2025-02-08T00:00:00,39.3,1.22,2.07,2.3,2.6,True,True
434,154,2025-02-09T00:00:00,41.6,4.88,5.47,0.0,0.0,False,True
435,154,2025-02-10T00:00:00,33.8,4.69,1.44,0.0,0.0,False,True
436,154,2025-02-11T00:00:00,40.1,3.83,5.82,2.2,2.5,True,True
437,154,2025-02-12T00:00:00,35.8,2.9,5.6,2.8,2.9,True,True
438,154,2025-02-13T00:00:00,44.0,0.87,3.33,0.0,0.0,False,True
439,154,2025-02-14T00:00:00,37.3,3.03,3.36,0.0,0.0,False,True
440,154,2025-02-15T00:00:00,39.7,1.0,3.0,4.1,3.9,True,True
441,154,2025-02-16T00:00:00,30.5,3.23,3.13,0.0,0.0,False,True
442,159,2025-01-30T00:00:00,40.5,4.97,4.74,1.5,1.2,True,True
443,159,2025-01-31T00:00:00,37.3,2.89,0.25,5.8,5.6,True,True
444,159,2025-02-01T00:00:00,32.3,4.78,1.52,1.5,1.7,True,True
445,159,2025-02-02T00:00:00,33.4,1.42,0.93,0.0,0.2,False,True
446,159,2025-02-03T00:00:00,33.6,1.72,4.35,0.0,0.0,False,True
447,159,2025-02-04T00:00:00,45.6,2.52,5.23,0.0,0.0,False,True
448,159,2025-02-05T00:00:00,34.5,4.6,0.25,2.7,2.7,True,True
449,159,2025-02-06T00:00:00,28.3,5.25,4.82,0.0,0.0,False,True
450,159,2025-02-07T00:00:00,32.7,0.89,4.09,0.0,0.0,False,True
451,159,2025-02-08T00:00:00,33.6,2.51,1.74,0.0,0.0,False,True
452,159,2025-02-09T00:00:00,41.5,2.43,3.78,0.0,0.0,False,True
453,159,2025-02-10T00:00:00,31.0,5.21,2.82,0.0,0.3,False,True
454,159,2025-02-11T00:00:00,44.8,3.14,3.63,0.0,0.1,False,True
455,159,2025-02-12T00:00:00,35.6,1.44,5.51,0.0,0.0,False,True
456,159,2025-02-13T00:00:00,44.0,1.26,3.7,0.0,0.0,False,True
457,159,2025-02-14T00:00:00,34.6,4.93,5.01,5.3,5.2,True,True
458,159,2025-02-15T00:00:00,34.2,5.78,5.15,0.0,0.1,False,True
459,159,2025-02-16T00:00:00,44.9,0.83,4.37,2.9,3.0,True,True
460,159,2025-02-17T00:00:00,29.5,4.87,5.96,0.0,0.0,False,True
461,159,2025-02-18T00:00:00,46.0,3.14,5.09,0.3,0.4,False,True
462,159,2025-02-19T00:00:00,36.8,0.74,3.6,0.0,0.2,False,True
463,159,2025-02-20T00:00:00,41.9,4.53,4.74,0.6,0.7,True,True
464,159,2025-02-21T00:00:00,30.7,3.21,0.59,0.0,0.0,False,True
465,159,2025-02-22T00:00:00,31.4,1.82,4.19,5.8,5.9,True,True
466,159,2025-02-23T00:00:00,40.5,0.81,0.21,0.0,0.0,False,True
467,159,2025-02-24T00:00:00,32.0,3.8,2.28,0.0,0.1,False,True
468,159,2025-02-25T00:00:00,28.2,0.58,1.08,3.3,3.6,True,True
469,159,2025-02-26T00:00:00,41.2,3.66,2.67,0.0,0.0,False,True
470,159,2025-02-27T00:00:00,36.8,0.42,1.1,0.0,0.2,False,True
471,159,2025-02-28T00:00:00,42.8,1.46,0.89,1.6,1.5,True,True
472,159,2025-03-01T00:00:00,32.5,3.03,3.4,0.0,0.0,False,True
473,159,2025-03-02T00:00:00,29.4,3.91,5.69,0.0,0.2,False,True
474,159,2025-03-03T00:00:00,42.9,1.8,3.92,0.0,0.2,False,True
475,159,2025-03-04T00:00:00,36.3,2.68,2.96,0.0,0.1,False,True
476,159,2025-03-05T00:00:00,29.7,0.05,1.91,0.0,0.0,False,True
477,159,2025-03-06T00:00:00,40.4,5.73,1.66,4.4,4.2,True,True
478,159,2025-03-07T00:00:00,41.8,4.24,0.3,0.0,0.0,False,True
479,159,2025-03-08T00:00:00,41.3,5.4,3.2,0.0,0.0,False,True
480,159,2025-03-09T00:00:00,44.1,2.16,0.13,0.0,0.0,False,True
481,159,2025-03-10T00:00:00,41.2,5.28,3.75,0.0,0.1,False,True
482,159,2025-03-11T00:00:00,33.6,5.3,0.96,0.0,0.2,False,True
483,159,2025-03-12T00:00:00,39.1,4.33,0.11,0.0,0.0,False,True
484,159,2025-03-13T00:00:00,42.6,1.14,4.75,0.0,0.1,False,True
485,159,2025-03-14T00:00:00,45.4,0.79,4.9,0.0,0.0,False,True
486,159,2025-03-15T00:00:00,34.2,3.34,4.39,1.2,1.2,True,True
487,159,2025-03-16T00:00:00,35.2,4.45,4.39,5.0,4.9,True,True
488,159,2025-03-17T00:00:00,33.8,1.0,5.16,0.0,0.0,False,True
489,159,2025-03-18T00:00:00,43.5,2.6,1.61,0.0,0.0,False,True
490,159,2025-03-19T00:00:00,39.3,4.4,4.93,0.0,0.0,False,True
491,159,2025-03-20T00:00:00,43.6,5.46,2.19,0.0,0.2,False,True
492,159,2025-03-21T00:00:00,43.5,3.17,0.91,5.1,5.3,True,True
493,159,2025-03-22T00:00:00,41.8,2.34,4.11,4.6,4.3,True,True
494,159,2025-03-23T00:00:00,28.5,5.73,2.88,0.0,0.0,False,True
495,159,2025-03-24T00:00:00,41.6,0.43,3.2,3.2,3.4,True,True
496,159,2025-03-25T00:00:00,43.4,1.94,4.25,0.0,0.3,False,True
497,159,2025-03-26T00:00:00,35.8,0.76,2.91,5.7,5.9,True,True
498,159,2025-03-27T00:00:00,38.1,0.05,2.66,0.0,0.1,False,True
499,159,2025-03-28T00:00:00,44.1,4.94,1.83,4.1,4.0,True,True
500,159,2025-03-29T00:00:00,29.5,0.56,1.5,0.0,0.0,False,True
501,159,2025-03-30T00:00:00,41.6,1.43,4.89,0.0,0.2,False,True
502,159,2025-03-31T00:00:00,33.1,3.08,1.2,0.0,0.1,False,True
503,159,2025-04-01T00:00:00,28.8,0.33,5.73,5.9,5.7,True,True
504,159,2025-04-02T00:00:00,29.3,2.66,5.34,0.0,0.0,False,True
505,159,2025-04-03T00:00:00,35.8,0.35,1.77,0.0,0.3,False,True
506,161,2025-02-02T00:00:00,44.6,5.12,2.97,0.0,0.0,False,True
507,161,2025-02-03T00:00:00,38.3,5.2,3.12,0.0,0.1,False,True
508,161,2025-02-04T00:00:00,30.7,1.53,1.66,2.7,2.7,True,True
509,161,2025-02-05T00:00:00,34.2,3.46,0.78,0.0,0.2,False,True
510,161,2025-02-06T00:00:00,29.1,4.94,2.94,0.0,0.0,False,True
511,161,2025-02-07T00:00:00,45.8,2.94,4.18,2.0,1.7,True,True
512,161,2025-02-08T00:00:00,44.5,0.68,3.67,0.0,0.2,False,True
513,161,2025-02-09T00:00:00,38.2,0.26,5.59,0.0,0.3,False,True
514,161,2025-02-10T00:00:00,38.8,1.29,2.91,0.0,0.0,False,True
515,161,2025-02-11T00:00:00,41.1,5.44,3.68,0.0,0.0,False,True
516,161,2025-02-12T00:00:00,39.0,0.38,5.59,5.2,5.3,True,True
517,161,2025-02-13T00:00:00,40.5,5.33,2.94,0.7,0.9,True,True
518,161,2025-02-14T00:00:00,34.7,3.76,0.79,0.0,0.0,False,True
519,161,2025-02-15T00:00:00,35.1,5.37,1.04,3.8,4.0,True,True
520,161,2025-02-16T00:00:00,28.7,5.99,1.28,0.0,0.2,False,True
521,161,2025-02-17T00:00:00,43.6,4.19,1.53,0.0,0.0,False,True
522,161,2025-02-18T00:00:00,32.2,1.87,4.24,2.5,2.4,True,True
523,161,2025-02-19T00:00:00,39.3,1.64,5.22,0.0,0.0,False,True
524,161,2025-02-20T00:00:00,41.0,0.07,2.04,0.7,0.7,True,True
525,161,2025-02-21T00:00:00,39.3,0.12,4.55,0.0,0.2,False,True
526,162,2025-02-14T00:00:00,28.3,2.58,0.32,0.0,0.0,False,True
527,162,2025-02-15T00:00:00,29.6,4.92,1.17,0.0,0.0,False,True
528,162,2025-02-16T00:00:00,38.2,3.68,1.24,0.0,0.2,False,True
529,162,2025-02-17T00:00:00,32.8,2.54,1.88,0.0,0.0,False,True
530,162,2025-02-18T00:00:00,37.2,0.69,1.39,0.0,0.0,False,True
531,162,2025-02-19T00:00:00,34.7,3.74,1.41,0.0,0.0,False,True
532,162,2025-02-20T00:00:00,32.5,2.73,5.27,0.0,0.3,False,True
533,162,2025-02-21T00:00:00,36.0,3.54,4.02,0.0,0.0,False,True
534,162,2025-02-22T00:00:00,40.1,5.81,1.05,0.0,0.1,False,True
535,162,2025-02-23T00:00:00,40.9,3.2,1.41,4.4,4.6,True,True
536,162,2025-02-24T00:00:00,36.7,0.74,1.61,0.0,0.2,False,True
537,162,2025-02-25T00:00:00,33.5,1.18,0.62,0.0,0.2,False,True
538,162,2025-02-26T00:00:00,29.4,4.58,1.32,0.0,0.0,False,True
539,162,2025-02-27T00:00:00,30.0,1.37,0.2,0.0,0.0,False,True
540,162,2025-02-28T00:00:00,36.8,2.18,0.56,3.2,3.2,True,True
541,162,2025-03-01T00:00:00,44.5,5.32,5.96,0.0,0.0,False,True
542,162,2025-03-02T00:00:00,45.2,6.0,4.9,1.2,1.1,True,True
543,162,2025-03-03T00:00:00,38.0,3.37,3.87,1.7,1.4,True,True
544,162,2025-03-04T00:00:00,41.5,2.07,5.44,0.0,0.0,False,True
545,162,2025-03-05T00:00:00,38.0,5.01,2.38,0.0,0.0,False,True
546,162,2025-03-06T00:00:00,36.7,2.69,1.66,4.1,4.1,True,True
547,162,2025-03-07T00:00:00,45.1,0.35,1.95,0.0,0.1,False,True
548,162,2025-03-08T00:00:00,43.6,1.63,4.78,5.1,4.8,True,True
549,162,2025-03-09T00:00:00,33.9,5.11,4.78,0.0,0.0,False,True
550,162,2025-03-10T00:00:00,30.9,3.11,0.36,0.0,0.0,False,True
551,162,2025-03-11T00:00:00,37.6,5.76,0.65,0.0,0.0,False,True
552,163,2025-02-23T00:00:00,42.4,2.27,0.67,2.2,2.2,True,True
553,163,2025-02-24T00:00:00,29.5,2.46,0.28,5.7,5.9,True,True
554,163,2025-02-25T00:00:00,28.4,5.51,2.28,0.0,0.1,False,True
555,163,2025-02-26T00:00:00,34.9,2.8,1.06,0.0,0.0,False,True
556,163,2025-02-27T00:00:00,45.4,4.03,1.02,1.9,1.7,True,True
557,163,2025-02-28T00:00:00,44.9,0.32,3.67,5.9,6.1,True,True
558,163,2025-03-01T00:00:00,43.4,5.58,3.14,0.0,0.0,False,True
559,163,2025-03-02T00:00:00,31.9,0.08,5.16,0.0,0.1,False,True
560,163,2025-03-03T00:00:00,40.9,0.09,2.32,4.1,3.9,True,True
561,163,2025-03-04T00:00:00,41.0,0.26,1.57,5.5,5.8,True,True
562,163,2025-03-05T00:00:00,32.8,4.35,1.9,5.7,6.0,True,True
563,163,2025-03-06T00:00:00,39.7,4.86,5.25,2.5,2.2,True,True
564,163,2025-03-07T00:00:00,33.8,3.13,4.15,4.0,4.3,True,True
565,163,2025-03-08T00:00:00,37.0,4.81,3.02,2.3,2.6,True,True
566,163,2025-03-09T00:00:00,40.7,4.67,0.36,0.0,0.0,False,True
567,163,2025-03-10T00:00:00,44.9,5.98,1.01,0.0,0.0,False,True
568,163,2025-03-11T00:00:00,36.8,2.93,0.65,4.2,4.5,True,True
569,163,2025-03-12T00:00:00,35.0,5.6,4.93,0.0,0.0,False,True
570,163,2025-03-13T00:00:00,40.6,4.02,0.31,0.0,0.1,False,True
571,163,2025-03-14T00:00:00,43.3,2.61,2.38,0.0,0.2,False,True
572,163,2025-03-15T00:00:00,45.4,3.91,3.01,1.3,1.4,True,True
573,163,2025-03-16T00:00:00,43.7,1.21,2.63,4.7,4.5,True,True
574,163,2025-03-17T00:00:00,35.8,1.52,1.44,0.0,0.1,False,True
575,163,2025-03-18T00:00:00,41.0,1.74,5.98,0.0,0.2,False,True
576,163,2025-03-19T00:00:00,35.1,4.65,2.73,0.0,0.0,False,True
577,163,2025-03-20T00:00:00,43.9,0.65,3.26,0.0,0.0,False,True
578,163,2025-03-21T00:00:00,41.2,3.18,0.99,0.0,0.3,False,True
579,163,2025-03-22T00:00:00,38.7,3.97,3.93,0.0,0.2,False,True
580,163,2025-03-23T00:00:00,30.7,4.89,1.55,0.0,0.1,False,True
581,163,2025-03-24T00:00:00,42.1,1.15,2.35,2.2,2.1,True,True
582,163,2025-03-25T00:00:00,38.9,4.97,0.1,0.0,0.0,False,True
583,163,2025-03-26T00:00:00,31.5,2.58,0.46,0.0,0.0,False,True
584,163,2025-03-27T00:00:00,41.8,3.49,0.47,0.0,0.2,False,True
585,163,2025-03-28T00:00:00,40.2,2.65,0.99,3.8,3.8,True,True
586,163,2025-03-29T00:00:00,32.5,0.39,5.89,5.8,5.8,True,True
587,163,2025-03-30T00:00:00,38.8,3.43,0.23,0.0,0.0,False,True
588,163,2025-03-31T00:00:00,45.2,1.66,1.7,0.0,0.0,False,True
589,163,2025-04-01T00:00:00,29.8,4.41,3.08,0.0,0.0,False,True
590,163,2025-04-02T00:00:00,45.4,2.34,4.92,0.0,0.0,False,True
591,163,2025-04-03T00:00:00,42.0,3.14,2.22,0.0,0.0,False,True
592,163,2025-04-04T00:00:00,45.3,5.99,0.46,0.0,0.0,False,True
593,163,2025-04-05T00:00:00,42.5,3.98,2.88,0.6,0.8,True,True
594,163,2025-04-06T00:00:00,41.5,1.82,4.0,0.0,0.1,False,True
595,163,2025-04-07T00:00:00,38.2,2.86,3.77,0.0,0.0,False,True
596,163,2025-04-08T00:00:00,39.3,3.81,1.44,0.4,0.2,False,True
597,163,2025-04-09T00:00:00,40.9,3.52,4.79,0.0,0.0,False,True
598,163,2025-04-10T00:00:00,34.2,1.77,5.65,0.6,0.5,True,True
599,163,2025-04-11T00:00:00,40.5,1.11,0.86,0.0,0.0,False,True
600,163,2025-04-12T00:00:00,39.6,5.75,5.27,1.4,1.4,True,True
601,163,2025-04-13T00:00:00,40.6,1.93,5.53,5.6,5.9,True,True
602,163,2025-04-14T00:00:00,44.1,5.53,4.24,3.4,3.7,True,True
603,901,2025-01-05T00:00:00,39.9,4.16,5.03,5.0,4.8,True,True
604,901,2025-01-06T00:00:00,42.6,1.67,5.97,0.0,0.2,False,True
605,901,2025-01-07T00:00:00,35.3,4.69,4.52,0.0,0.3,False,True
606,901,2025-01-08T00:00:00,45.5,0.82,1.21,5.7,5.8,True,True
607,901,2025-01-09T00:00:00,29.1,0.34,5.53,3.9,3.7,True,True
608,901,2025-01-10T00:00:00,29.2,0.84,3.36,3.6,3.8,True,True
609,901,2025-01-11T00:00:00,42.0,5.44,4.2,1.4,1.5,True,True
610,901,2025-01-12T00:00:00,40.5,5.29,5.77,0.0,0.0,False,True
611,901,2025-01-13T00:00:00,28.5,5.66,5.16,0.0,0.0,False,True
612,901,2025-01-14T00:00:00,34.3,0.5,5.03,0.0,0.0,False,True
613,901,2025-01-15T00:00:00,34.6,1.62,3.62,2.1,2.0,True,True
614,901,2025-01-16T00:00:00,45.6,5.43,2.95,4.5,4.6,True,True
615,901,2025-01-17T00:00:00,36.5,5.54,3.31,0.4,0.4,False,True
616,901,2025-01-18T00:00:00,31.6,1.37,5.05,0.0,0.0,False,True
617,901,2025-01-19T00:00:00,32.9,4.39,4.17,2.8,3.0,True,True
618,901,2025-01-20T00:00:00,44.2,0.57,5.35,0.0,0.0,False,True
619,901,2025-01-21T00:00:00,45.6,0.88,0.31,4.7,4.4,True,True
620,901,2025-01-22T00:00:00,31.3,4.19,2.53,0.0,0.0,False,True
621,901,2025-01-23T00:00:00,38.9,3.21,1.64,0.0,0.1,False,True
622,901,2025-01-24T00:00:00,30.6,0.68,3.69,0.0,0.3,False,True
623,901,2025-01-25T00:00:00,32.6,1.44,1.71,0.0,0.0,False,True
624,901,2025-01-26T00:00:00,42.4,3.4,1.23,5.9,5.9,True,True
625,901,2025-01-27T00:00:00,42.8,2.59,4.21,0.0,0.0,False,True
626,901,2025-01-28T00:00:00,44.4,5.63,5.04,2.6,2.8,True,True
627,901,2025-01-29T00:00:00,43.6,0.29,1.03,5.7,5.8,True,True
628,901,2025-01-30T00:00:00,38.8,3.06,0.76,4.4,4.5,True,True
629,901,2025-01-31T00:00:00,30.3,0.59,1.27,0.0,0.3,False,True
630,901,2025-02-01T00:00:00,36.1,5.67,0.48,0.0,0.1,False,True
631,901,2025-02-02T00:00:00,43.1,3.97,5.77,0.5,0.4,False,True
632,901,2025-02-03T00:00:00,39.5,5.78,0.15,0.0,0.3,False,True
633,901,2025-02-04T00:00:00,33.3,3.1,5.94,0.0,0.0,False,True
634,901,2025-02-05T00:00:00,42.6,2.48,5.13,1.1,0.9,True,True
635,901,2025-02-06T00:00:00,40.9,0.45,0.25,0.0,0.0,False,True
636,901,2025-02-07T00:00:00,32.1,5.29,0.2,3.6,3.8,True,True
637,901,2025-02-08T00:00:00,34.4,1.96,0.99,3.2,3.0,True,True
638,902,2025-01-16T00:00:00,35.0,4.49,1.81,0.0,0.0,False,True
639,902,2025-01-17T00:00:00,31.5,1.31,1.08,0.0,0.1,False,True
640,902,2025-01-18T00:00:00,44.0,2.74,2.52,0.0,0.0,False,True
641,902,2025-01-19T00:00:00,38.5,0.74,2.38,0.0,0.0,False,True
642,902,2025-01-20T00:00:00,32.2,4.34,2.86,0.0,0.3,False,True
643,902,2025-01-21T00:00:00,30.6,1.15,2.59,0.1,0.0,False,True
644,902,2025-01-22T00:00:00,32.9,2.06,3.14,0.0,0.2,False,True
645,902,2025-01-23T00:00:00,45.1,5.48,2.52,3.8,3.9,True,True
646,902,2025-01-24T00:00:00,37.7,1.28,0.99,4.4,4.6,True,True
647,902,2025-01-25T00:00:00,40.8,1.8,5.77,0.0,0.0,False,True
648,902,2025-01-26T00:00:00,29.9,1.42,0.02,0.9,0.8,True,True
649,902,2025-01-27T00:00:00,40.8,2.34,3.21,0.0,0.0,False,True
650,902,2025-01-28T00:00:00,41.7,1.61,4.72,0.0,0.2,False,True
651,902,2025-01-29T00:00:00,41.9,3.07,3.98,0.0,0.2,False,True
652,902,2025-01-30T00:00:00,32.8,2.06,4.17,0.0,0.0,False,True
653,902,2025-01-31T00:00:00,37.6,5.8,2.49,0.0,0.2,False,True
654,902,2025-02-01T00:00:00,43.5,3.63,2.51,0.0,0.2,False,True
655,902,2025-02-02T00:00:00,42.4,3.62,0.94,0.0,0.0,False,True
656,902,2025-02-03T00:00:00,31.2,3.69,1.74,0.0,0.0,False,True
657,902,2025-02-04T00:00:00,28.8,1.57,4.59,1.2,1.1,True,True
658,902,2025-02-05T00:00:00,42.9,4.9,4.92,0.0,0.2,False,True
659,902,2025-02-06T00:00:00,40.6,2.24,2.25,0.5,0.5,False,True
660,902,2025-02-07T00:00:00,33.6,1.55,4.89,1.5,1.7,True,True
661,902,2025-02-08T00:00:00,41.4,1.57,5.26,0.0,0.3,False,True
662,902,2025-02-09T00:00:00,41.3,0.83,4.69,0.0,0.0,False,True
663,902,2025-02-10T00:00:00,31.6,4.09,2.91,0.0,0.0,False,True
664,902,2025-02-11T00:00:00,35.1,2.54,4.46,0.0,0.1,False,True
665,902,2025-02-12T00:00:00,28.6,0.87,1.36,4.8,4.5,True,True
666,902,2025-02-13T00:00:00,28.0,4.68,1.98,1.6,1.8,True,True
667,902,2025-02-14T00:00:00,42.2,0.69,5.13,0.0,0.1,False,True
668,903,2025-01-02T00:00:00,38.1,2.76,2.52,0.0,0.0,False,True
669,903,2025-01-03T00:00:00,33.5,3.82,5.18,1.1,1.3,True,True
670,903,2025-01-04T00:00:00,30.2,0.43,2.59,0.0,0.0,False,True
671,903,2025-01-05T00:00:00,30.9,4.95,5.08,5.5,5.3,True,True
672,903,2025-01-06T00:00:00,39.2,5.56,1.65,0.0,0.0,False,True
673,903,2025-01-07T00:00:00,30.7,3.6,1.91,0.0,0.0,False,True
674,903,2025-01-08T00:00:00,38.9,1.6,3.76,5.4,5.4,True,True
675,903,2025-01-09T00:00:00,34.9,4.37,4.18,0.0,0.0,False,True
676,903,2025-01-10T00:00:00,36.4,2.26,1.45,0.0,0.0,False,True
677,903,2025-01-11T00:00:00,30.2,3.55,2.37,0.0,0.3,False,True
678,903,2025-01-12T00:00:00,28.2,2.4,2.5,0.0,0.0,False,True
679,903,2025-01-13T00:00:00,37.4,2.7,4.4,0.0,0.2,False,True
680,903,2025-01-14T00:00:00,30.7,3.67,1.61,0.0,0.1,False,True
681,903,2025-01-15T00:00:00,36.3,1.79,4.31,0.0,0.2,False,True
682,903,2025-01-16T00:00:00,45.5,2.83,4.73,5.9,6.0,True,True
683,903,2025-01-17T00:00:00,44.8,4.81,4.86,4.5,4.8,True,True
684,903,2025-01-18T00:00:00,40.8,1.6,3.01,0.0,0.1,False,True
685,903,2025-01-19T00:00:00,31.2,0.08,5.09,0.0,0.0,False,True
686,903,2025-01-20T00:00:00,28.8,0.35,0.02,0.0,0.0,False,True
687,903,2025-01-21T00:00:00,45.5,5.79,0.83,0.0,0.1,False,True
688,903,2025-01-22T00:00:00,29.9,0.85,1.98,3.2,3.0,True,True
689,51,2025-02-17T00:00:00,39.2,4.22,5.72,4.4,4.5,True,True
690,51,2025-02-18T00:00:00,34.9,5.87,1.0,0.0,0.0,False,True
691,51,2025-02-19T00:00:00,40.6,4.11,4.67,3.3,3.3,True,True
692,51,2025-02-20T00:00:00,35.0,0.12,5.72,0.0,0.2,False,True
693,51,2025-02-21T00:00:00,45.5,1.2,1.79,1.8,1.5,True,True
694,51,2025-02-22T00:00:00,31.7,0.11,1.37,5.4,5.3,True,True
695,51,2025-02-23T00:00:00,42.9,5.24,0.75,0.0,0.1,False,True
696,51,2025-02-24T00:00:00,28.9,5.3,5.05,0.0,0.3,False,True
697,51,2025-02-25T00:00:00,30.2,5.88,2.26,0.0,0.2,False,True
698,51,2025-02-26T00:00:00,43.7,5.95,1.03,0.0,0.0,False,True
699,51,2025-02-27T00:00:00,42.2,4.33,1.32,0.0,0.0,False,True
700,51,2025-02-28T00:00:00,33.1,1.69,1.92,0.9,0.8,True,True
701,51,2025-03-01T00:00:00,32.3,4.91,1.72,0.0,0.0,False,True
702,51,2025-03-02T00:00:00,43.7,1.76,0.47,0.0,0.1,False,True
703,51,2025-03-03T00:00:00,30.0,1.54,1.3,6.0,5.7,True,True
704,51,2025-03-04T00:00:00,40.5,5.99,4.78,0.0,0.0,False,True
705,51,2025-03-05T00:00:00,43.9,5.96,1.15,2.1,1.8,True,True
706,51,2025-03-06T00:00:00,37.8,2.99,1.1,3.1,3.0,True,True
707,51,2025-03-07T00:00:00,36.3,0.13,4.72,0.0,0.3,False,True
708,51,2025-03-08T00:00:00,34.5,2.26,3.76,5.8,5.6,True,True
709,51,2025-03-09T00:00:00,45.7,5.01,4.71,0.0,0.0,False,True
710,51,2025-03-10T00:00:00,32.4,1.58,0.88,1.1,0.9,True,True
711,51,2025-03-11T00:00:00,30.7,4.05,5.29,0.0,0.0,False,True
712,51,2025-03-12T00:00:00,37.8,3.58,5.36,2.9,2.8,True,True
713,51,2025-03-13T00:00:00,31.3,0.0,4.29,5.4,5.3,True,True
714,51,2025-03-14T00:00:00,45.2,1.11,2.14,0.0,0.0,False,True
715,51,2025-03-15T00:00:00,31.4,3.78,0.81,4.1,4.2,True,True
716,51,2025-03-16T00:00:00,38.3,2.64,4.27,5.2,5.0,True,True
717,51,2025-03-17T00:00:00,30.3,4.54,0.36,1.9,2.2,True,True
718,51,2025-03-18T00:00:00,40.0,1.18,0.59,2.0,1.9,True,True
719,51,2025-03-19T00:00:00,33.0,5.3,1.22,0.0,0.3,False,True
720,51,2025-03-20T00:00:00,32.2,0.41,4.38,0.0,0.1,False,True
721,51,2025-03-21T00:00:00,28.8,1.44,1.64,3.5,3.4,True,True
722,51,2025-03-22T00:00:00,45.0,3.07,3.55,0.0,0.0,False,True
723,51,2025-03-23T00:00:00,43.7,0.66,0.91,3.5,3.3,True,True
724,51,2025-03-24T00:00:00,42.2,5.31,4.47,0.0,0.2,False,True
725,51,2025-03-25T00:00:00,41.0,2.05,0.39,5.0,4.9,True,True
726,51,2025-03-26T00:00:00,36.5,2.08,1.52,0.0,0.0,False,True
727,51,2025-03-27T00:00:00,31.5,1.56,4.88,2.3,2.3,True,True
728,51,2025-03-28T00:00:00,38.9,3.71,3.89,5.5,5.7,True,True
729,51,2025-03-29T00:00:00,30.0,2.0,5.7,0.0,0.0,False,True
730,51,2025-03-30T00:00:00,36.2,2.62,5.13,0.0,0.2,False,True
731,51,2025-03-31T00:00:00,40.3,3.07,1.88,3.0,3.1,True,True
732,51,2025-04-01T00:00:00,37.8,2.08,2.31,0.0,0.2,False,True
733,51,2025-04-02T00:00:00,31.1,1.39,3.75,0.0,0.1,False,True
734,51,2025-04-03T00:00:00,33.9,2.63,3.38,0.0,0.1,False,True
735,51,2025-04-04T00:00:00,29.9,3.51,0.89,0.0,0.2,False,True
736,51,2025-04-05T00:00:00,31.9,1.97,5.51,4.8,5.1,True,True
737,51,2025-04-06T00:00:00,34.8,0.99,1.64,0.0,0.1,False,True
738,51,2025-04-07T00:00:00,40.8,0.72,4.05,0.0,0.0,False,True
739,87,2025-02-08T00:00:00,41.3,3.47,2.52,1.8,1.6,True,True
740,87,2025-02-09T00:00:00,44.7,2.34,3.13,0.0,0.0,False,True
741,87,2025-02-10T00:00:00,38.5,4.9,1.05,0.9,1.0,True,True
742,87,2025-02-11T00:00:00,33.4,2.63,4.27,1.1,1.1,True,True
743,87,2025-02-12T00:00:00,35.5,1.25,0.34,4.2,4.3,True,True
744,87,2025-02-13T00:00:00,44.4,2.7,4.06,0.0,0.0,False,True
745,87,2025-02-14T00:00:00,37.2,1.49,2.59,0.0,0.0,False,True
746,87,2025-02-15T00:00:00,40.2,1.99,5.24,3.2,3.0,True,True
747,87,2025-02-16T00:00:00,44.1,3.68,3.33,0.0,0.0,False,True
748,87,2025-02-17T00:00:00,44.4,3.69,3.28,0.0,0.0,False,True
749,87,2025-02-18T00:00:00,37.7,1.71,3.04,0.0,0.0,False,True
750,87,2025-02-19T00:00:00,40.0,5.35,2.56,0.0,0.0,False,True
751,87,2025-02-20T00:00:00,34.6,3.28,3.16,0.0,0.3,False,True
752,87,2025-02-21T00:00:00,31.4,3.4,1.48,0.0,0.0,False,True
753,87,2025-02-22T00:00:00,28.3,0.5,3.62,2.5,2.5,True,True
754,87,2025-02-23T00:00:00,33.7,3.06,4.93,0.0,0.2,False,True
755,87,2025-02-24T00:00:00,41.9,3.25,3.17,0.0,0.2,False,True
756,87,2025-02-25T00:00:00,35.8,2.25,1.68,0.0,0.1,False,True
757,87,2025-02-26T00:00:00,41.5,3.46,4.93,0.0,0.0,False,True
758,87,2025-02-27T00:00:00,34.3,4.53,0.07,2.6,2.3,True,True
759,87,2025-02-28T00:00:00,44.4,0.58,1.83,0.0,0.1,False,True
760,87,2025-03-01T00:00:00,32.4,2.41,2.57,0.0,0.0,False,True
761,87,2025-03-02T00:00:00,41.7,2.97,3.3,0.0,0.0,False,True
762,87,2025-03-03T00:00:00,28.1,3.21,1.74,0.0,0.0,False,True
763,87,2025-03-04T00:00:00,44.0,2.85,2.16,0.0,0.0,False,True
764,87,2025-03-05T00:00:00,37.3,4.81,2.26,0.0,0.3,False,True
765,87,2025-03-06T00:00:00,35.2,5.35,5.13,5.1,5.2,True,True
766,87,2025-03-07T00:00:00,32.0,1.54,5.34,4.2,3.9,True,True
767,87,2025-03-08T00:00:00,42.2,5.25,3.85,0.0,0.0,False,True
768,87,2025-03-09T00:00:00,31.8,4.03,0.41,2.1,2.0,True,True
769,87,2025-03-10T00:00:00,41.4,0.95,4.87,3.5,3.7,True,True
770,87,2025-03-11T00:00:00,40.1,2.22,0.29,0.0,0.2,False,True
771,87,2025-03-12T00:00:00,44.9,1.83,0.56,2.6,2.6,True,True
772,87,2025-03-13T00:00:00,34.4,1.49,4.05,0.0,0.0,False,True
773,87,2025-03-14T00:00:00,43.3,5.33,4.16,0.0,0.0,False,True
774,87,2025-03-15T00:00:00,29.5,4.42,3.07,0.0,0.0,False,True
775,87,2025-03-16T00:00:00,32.0,0.38,4.96,2.3,2.6,True,True
776,87,2025-03-17T00:00:00,35.9,3.14,3.27,0.0,0.0,False,True
777,87,2025-03-18T00:00:00,40.2,3.82,3.78,0.0,0.2,False,True
778,87,2025-03-19T00:00:00,42.0,1.5,1.21,0.0,0.0,False,True
779,87,2025-03-20T00:00:00,36.8,5.03,1.68,5.9,5.8,True,True
780,87,2025-03-21T00:00:00,36.0,1.75,3.74,0.0,0.0,False,True
781,87,2025-03-22T00:00:00,28.9,1.23,4.22,0.0,0.0,False,True
782,87,2025-03-23T00:00:00,43.8,0.96,2.89,0.0,0.1,False,True
783,87,2025-03-24T00:00:00,44.6,5.2,2.84,0.0,0.0,False,True
784,87,2025-03-25T00:00:00,44.5,0.88,1.52,0.0,0.1,False,True
785,87,2025-03-26T00:00:00,43.9,4.37,4.14,0.0,0.2,False,True
786,87,2025-03-27T00:00:00,42.0,5.07,1.58,0.0,0.2,False,True
787,87,2025-03-28T00:00:00,42.0,1.74,2.93,2.9,2.9,True,True
788,87,2025-03-29T00:00:00,32.0,0.22,3.81,0.0,0.2,False,True
789,87,2025-03-30T00:00:00,40.8,0.29,2.42,0.0,0.0,False,True
790,87,2025-03-31T00:00:00,38.1,2.53,0.89,0.0,0.2,False,True
791,87,2025-04-01T00:00:00,35.4,2.93,1.72,3.7,3.8,True,True
792,87,2025-04-02T00:00:00,29.9,1.95,4.68,0.0,0.1,False,True
793,87,2025-04-03T00:00:00,39.7,4.12,4.38,0.0,0.0,False,True
794,87,2025-04-04T00:00:00,45.7,5.36,2.02,2.6,2.4,True,True
795,87,2025-04-05T00:00:00,42.2,1.48,0.01,0.0,0.0,False,True
796,87,2025-04-06T00:00:00,40.6,0.68,1.29,4.6,4.8,True,True
797,106,2025-02-09T00:00:00,42.0,5.47,2.2,5.2,5.1,True,True
798,106,2025-02-10T00:00:00,40.7,0.16,0.95,2.2,2.2,True,True
799,106,2025-02-11T00:00:00,28.7,3.07,0.0,2.6,2.4,True,True
800,106,2025-02-12T00:00:00,35.7,0.75,5.24,1.9,2.2,True,True
801,106,2025-02-13T00:00:00,36.5,3.5,2.17,2.8,2.5,True,True
802,106,2025-02-14T00:00:00,37.4,5.21,3.1,3.4,3.5,True,True
803,106,2025-02-15T00:00:00,34.9,2.78,2.13,0.6,0.4,True,True
804,106,2025-02-16T00:00:00,45.2,2.59,0.94,0.0,0.2,False,True
805,106,2025-02-17T00:00:00,32.1,1.27,3.27,5.8,5.9,True,True
806,106,2025-02-18T00:00:00,28.5,3.09,5.96,3.5,3.4,True,True
807,106,2025-02-19T00:00:00,35.0,5.35,5.67,5.4,5.3,True,True
808,106,2025-02-20T00:00:00,42.4,2.52,4.05,4.1,4.2,True,True
809,106,2025-02-21T00:00:00,45.8,0.87,5.63,0.0,0.3,False,True
810,106,2025-02-22T00:00:00,42.6,1.53,4.72,1.4,1.3,True,True
811,106,2025-02-23T00:00:00,45.3,5.89,2.8,0.0,0.1,False,True
812,106,2025-02-24T00:00:00,37.7,2.55,4.49,0.4,0.1,False,True
813,106,2025-02-25T00:00:00,43.5,3.49,4.79,3.4,3.6,True,True
814,106,2025-02-26T00:00:00,40.3,4.7,2.99,0.0,0.1,False,True
815,106,2025-02-27T00:00:00,36.1,5.36,2.1,0.0,0.1,False,True
816,106,2025-02-28T00:00:00,36.5,0.68,3.85,0.0,0.0,False,True
817,106,2025-03-01T00:00:00,44.8,3.41,5.29,2.1,2.1,True,True
818,106,2025-03-02T00:00:00,45.5,4.15,0.28,0.0,0.0,False,True
819,106,2025-03-03T00:00:00,38.5,5.07,1.77,0.0,0.0,False,True
820,106,2025-03-04T00:00:00,37.5,0.39,2.03,0.0,0.0,False,True
821,106,2025-03-05T00:00:00,30.9,4.84,5.7,0.0,0.0,False,True
822,106,2025-03-06T00:00:00,41.9,2.62,4.0,4.6,4.5,True,True
823,106,2025-03-07T00:00:00,33.1,1.46,0.72,3.6,3.6,True,True
824,106,2025-03-08T00:00:00,35.0,4.72,3.54,0.0,0.0,False,True
825,106,2025-03-09T00:00:00,33.3,5.13,2.3,0.0,0.3,False,True
826,106,2025-03-10T00:00:00,28.5,6.0,4.16,1.5,1.7,True,True
827,106,2025-03-11T00:00:00,39.7,5.57,4.99,0.0,0.1,False,True
828,106,2025-03-12T00:00:00,32.2,4.39,0.4,0.0,0.0,False,True
829,106,2025-03-13T00:00:00,33.6,5.75,2.16,0.0,0.2,False,True
